{
    "N" : 4,
    "y" : [ 2.93247449,  8.01799358,  8.25032935, 5.12314]
}
