{
    "N" : 50,
    "y" : [0.52302995, 1.01861573, 0.58706349, 1.18234003, 0.84209294,
       1.26279415, 2.13996724, 0.59496173, 0.80149655, 1.65988127,
       1.15576619, 1.28398796, 0.42152129, 0.66356798, 0.49302765,
       0.19724721, 1.14948733, 0.99916949, 1.10086974, 0.82594576,
       0.89096067, 1.24187339, 1.2605001 , 0.65604171, 0.74939594,
       0.86830418, 1.05203913, 0.84789404, 0.79462544, 1.67682148,
       1.06192866, 1.18432394, 1.30921469, 1.8857198 , 0.86993241,
       1.34276951, 1.53207342, 0.65772626, 1.05873003, 1.08356161,
       1.24657928, 1.34170526, 0.66725887, 0.55636676, 0.78962793,
       0.38789897, 0.51123111, 1.64001158, 0.9289612 , 1.61321462]
}
